{
  "requests": 10,
  "errors": 5,
  "processing_times": [
    4.34236216545105,
    8.808297157287598,
    2.9177026748657227,
    4.555661678314209,
    5.144141435623169,
    3.5392472743988037,
    7.274737358093262,
    4.908657789230347,
    10.992871284484863,
    4.934267997741699
  ],
  "last_check": null,
  "health_status": "unknown"
}