{
  "requests": 43,
  "errors": 5,
  "processing_times": [
    4.34236216545105,
    8.808297157287598,
    2.9177026748657227,
    4.555661678314209,
    5.144141435623169,
    3.5392472743988037,
    7.274737358093262,
    4.908657789230347,
    10.992871284484863,
    4.934267997741699,
    5.149292945861816,
    4.862973690032959,
    24.900902032852173,
    10.817065000534058,
    10.05340313911438,
    32.564457654953,
    6.26603364944458,
    7.909682750701904,
    19.969067811965942,
    6.931655645370483,
    21.96165180206299,
    20.911651611328125,
    13.138878345489502,
    11.569661378860474,
    10.294125080108643,
    43.01049065589905,
    8.58460283279419,
    52.6401309967041,
    48.47794318199158,
    11.029094696044922,
    34.34795427322388,
    13.178025007247925,
    16.564554691314697,
    28.30260968208313,
    51.452534437179565,
    95.27846884727478,
    51.18704009056091,
    105.38749432563782,
    187.94010186195374,
    197.87462973594666,
    319.26026010513306,
    274.0136466026306,
    165.88199949264526
  ],
  "last_check": null,
  "health_status": "unknown"
}